account_id,team_name,team_id,competition_id,competition_name,season_id,season_name,team_female,team_season_matches,team_season_minutes,team_season_gd,team_season_xgd,team_season_np_shots_pg,team_season_op_shots_pg,team_season_op_shots_outside_box_pg,team_season_sp_shots_pg,team_season_np_xg_pg,team_season_op_xg_pg,team_season_sp_xg_pg,team_season_np_xg_per_shot,team_season_np_shot_distance,team_season_op_shot_distance,team_season_sp_shot_distance,team_season_possessions,team_season_possession,team_season_directness,team_season_pace_towards_goal,team_season_gk_pass_distance,team_season_gk_long_pass_ratio,team_season_box_cross_ratio,team_season_passes_inside_box_pg,team_season_defensive_distance,team_season_ppda,team_season_defensive_distance_ppda,team_season_opp_passing_ratio,team_season_opp_final_third_pass_ratio,team_season_np_shots_conceded_pg,team_season_op_shots_conceded_pg,team_season_op_shots_conceded_outside_box_pg,team_season_sp_shots_conceded_pg,team_season_np_xg_conceded_pg,team_season_op_xg_conceded_pg,team_season_sp_xg_conceded_pg,team_season_np_xg_per_shot_conceded,team_season_np_shot_distance_conceded,team_season_op_shot_distance_conceded,team_season_sp_shot_distance_conceded,team_season_deep_completions_conceded_pg,team_season_passes_inside_box_conceded_pg,team_season_corners_pg,team_season_corner_xg_pg,team_season_xg_per_corner,team_season_free_kicks_pg,team_season_free_kick_xg_pg,team_season_xg_per_free_kick,team_season_direct_free_kicks_pg,team_season_direct_free_kick_xg_pg,team_season_xg_per_direct_free_kick,team_season_throw_ins_pg,team_season_throw_in_xg_pg,team_season_xg_per_throw_in,team_season_ball_in_play_time,team_season_counter_attacking_shots_pg,team_season_high_press_shots_pg,team_season_shots_in_clear_pg,team_season_counter_attacking_shots_conceded_pg,team_season_shots_in_clear_conceded_pg,team_season_aggressive_actions_pg,team_season_aggression,team_season_goals_pg,team_season_own_goals_pg,team_season_penalty_goals_pg,team_season_goals_conceded_pg,team_season_opposition_own_goals_pg,team_season_penalty_goals_conceded_pg,team_season_shots_from_corners_pg,team_season_goals_from_corners_pg,team_season_shots_from_free_kicks_pg,team_season_goals_from_free_kicks_pg,team_season_direct_free_kick_goals_pg,team_season_shots_from_direct_free_kicks_pg,team_season_shots_from_throw_ins_pg,team_season_goals_from_throw_ins_pg,team_season_direct_free_kick_goals_conceded_pg,team_season_shots_from_direct_free_kicks_conceded_pg,team_season_corners_conceded_pg,team_season_corner_xg_conceded_pg,team_season_shots_from_corners_conceded_pg,team_season_goals_from_corners_conceded_pg,team_season_free_kicks_conceded_pg,team_season_free_kick_xg_conceded_pg,team_season_shots_from_free_kicks_conceded_pg,team_season_goals_from_free_kicks_conceded_pg,team_season_direct_free_kicks_conceded_pg,team_season_direct_free_kick_xg_conceded_pg,team_season_throw_ins_conceded_pg,team_season_throw_in_xg_conceded_pg,team_season_shots_from_throw_ins_conceded_pg,team_season_goals_from_throw_ins_conceded_pg,team_season_corner_shot_ratio,team_season_corner_goal_ratio,team_season_free_kick_shot_ratio,team_season_free_kick_goal_ratio,team_season_direct_free_kick_goal_ratio,team_season_throw_in_shot_ratio,team_season_throw_in_goal_ratio,team_season_xg_per_corner_conceded,team_season_corner_shot_ratio_conceded,team_season_corner_goal_ratio_conceded,team_season_xg_per_free_kick_conceded,team_season_free_kick_shot_ratio_conceded,team_season_free_kick_goal_ratio_conceded,team_season_xg_per_direct_free_kick_conceded,team_season_direct_free_kick_goal_ratio_conceded,team_season_xg_per_throw_in_conceded,team_season_throw_in_shot_ratio_conceded,team_season_throw_in_goal_ratio_conceded,team_season_direct_free_kick_shot_ratio,team_season_direct_free_kick_shot_ratio_conceded,team_season_sp_pg,team_season_xg_per_sp,team_season_sp_shot_ratio,team_season_sp_goals_pg,team_season_sp_goal_ratio,team_season_sp_pg_conceded,team_season_xg_per_sp_conceded,team_season_sp_shot_ratio_conceded,team_season_sp_goals_pg_conceded,team_season_sp_goal_ratio_conceded,team_season_penalties_won_pg,team_season_penalties_conceded_pg,team_season_completed_dribbles_pg,team_season_failed_dribbles_pg,team_season_total_dribbles_pg,team_season_dribble_ratio,team_season_completed_dribbles_conceded_pg,team_season_failed_dribbles_conceded_pg,team_season_total_dribbles_conceded_pg,team_season_opposition_dribble_ratio,team_season_high_press_shots_conceded_pg,team_season_gd_pg,team_season_np_gd_pg,team_season_xgd_pg,team_season_np_xgd_pg,team_season_deep_completions_pg,team_season_passing_ratio,team_season_pressures_pg,team_season_counterpressures_pg,team_season_pressure_regains_pg,team_season_counterpressure_regains_pg,team_season_defensive_action_regains_pg,team_season_yellow_cards_pg,team_season_second_yellow_cards_pg,team_season_red_cards_pg,team_season_fhalf_pressures_pg,team_season_fhalf_counterpressures_pg,team_season_fhalf_pressures_ratio,team_season_fhalf_counterpressures_ratio,team_season_crosses_into_box_pg,team_season_successful_crosses_into_box_pg,team_season_successful_box_cross_ratio,team_season_deep_progressions_pg,team_season_deep_progressions_conceded_pg,team_season_obv_pg,team_season_obv_pass_pg,team_season_obv_shot_pg,team_season_obv_defensive_action_pg,team_season_obv_dribble_carry_pg,team_season_obv_gk_pg,team_season_obv_conceded_pg,team_season_obv_pass_conceded_pg,team_season_obv_shot_conceded_pg,team_season_obv_defensive_action_conceded_pg,team_season_obv_dribble_carry_conceded_pg,team_season_obv_gk_conceded_pg,team_season_passes_pg,team_season_successful_passes_pg,team_season_passes_conceded_pg,team_season_successful_passes_conceded_pg,team_season_op_passes_pg,team_season_op_passes_conceded_pg
33643,Ujpest,1033,1522,NB I,318,2025/2026,False,24,,-8,0.3777069,13.083333333333334,9.541666666666666,3.75,3.5416666666666665,1.198616715768973,0.9610268883407116,0.23758983192965388,0.09161402465431553,17.207986041998407,17.487071208037662,16.456097771139707,219.20833333333334,0.5323538245097812,0.8695794081523573,3.0781344174555683,37.68191282090464,0.38235294117647056,0.264919941775837,2.9166666666666665,45.05748099035608,10.513207547169811,4.285797725213339,0.76539035305818,0.632258064516129,13.708333333333334,10.0,3.7083333333333335,3.7083333333333335,1.1175871963302295,0.8261319026350975,0.2914552944712341,0.08152611567256661,16.71124768474544,17.427557373046874,14.77962468179424,4.041666666666667,2.1666666666666665,4.708333333333333,0.14195935583362976,0.030150656151560557,15.375,0.05794674107649674,0.003768893761363456,0.625,0.021407044609077275,0.034251272678375244,19.625,0.016276692738756537,0.0008293855974881765,50.766277,1.2083333333333333,2.6666666666666665,2.7083333333333335,1.25,2.0,78.625,0.1876678269517653,1.375,0.08333333333333333,0.08333333333333333,1.7083333333333333,0.125,0.16666666666666666,1.9166666666666667,0.125,0.625,0.041666666666666664,0.0,0.7083333333333334,0.2916666666666667,0.0,0.08333333333333333,0.5833333333333334,4.20833333333333,0.198272049970304,2.125,0.16666666666666666,14.375,0.051974163002645,0.7083333333333334,0.041666666666666664,0.416666666666667,0.025186574125352,18.75,0.0160225076057638,0.2916666666666667,0.0,0.40707964601769914,0.02654867256637168,0.04065040650406504,0.0027100271002710027,0.0,0.014861995753715499,0.0,0.0471141503588988,0.504950495049505,0.0396039603960396,0.00361559391021729,0.0492753623188406,0.00289855072463768,0.0604477763175964,0.2,0.000854533778296577,0.0155555555555556,0.0,1.13333333333333,1.4,40.3333333333333,0.00589065758649968,0.0878099173553719,0.166666666666667,0.00413223140495868,37.75,0.00772066990008154,0.098233995584989,0.291666666666667,0.00772626931567329,0.16666666666666666,0.25,5.708333333333333,3.875,9.583333333333334,0.59565216,5.833333333333333,3.9583333333333335,9.791666666666666,0.59574467,3.4583333333333335,-0.3333333333333333,-0.2916666666666667,0.015737796823183697,0.08102951943874359,4.291666666666667,0.7893736501079913,139.04166666666666,35.25,41.416666666666664,10.708333333333334,62.625,2.25,0.0,0.08333333333333333,61.25,22.041666666666668,0.44051543302367396,0.6252955082742316,7.583333333333333,1.3333333333333333,0.12167300380228137,39.625,38.916666666666664,1.4780836415787537,0.6978837009519339,0.00671912442582349,0.11593570521411796,0.7431701719760895,-0.08562500293677051,1.718245644743244,0.9009869452565908,-0.19366260586927334,0.17277541224999973,0.7769362429777781,0.061209406393269696,482.2916666666667,380.7083333333333,418.9583333333333,320.6666666666667,431.1666666666667,371.2083333333333
33643,Ferencvaros,1476,1522,NB I,318,2025/2026,False,23,,19,21.474873,16.130434782608695,11.304347826086957,4.260869565217392,4.826086956521739,1.69923959866814,1.220335541859917,0.4789040778642115,0.10534369784866703,15.649121883423181,17.08489708533654,12.286051432291666,216.91304347826087,0.5770476107956903,0.8875127987869514,2.7677011680300363,38.46124809724212,0.41002949852507375,0.3159806295399516,4.043478260869565,46.632867407128515,8.784386617100372,5.30860826598289,0.7322807814629714,0.5908930462407342,10.304347826086957,8.0,3.8260869565217392,2.3043478260869565,0.8336799327770005,0.6471454852625079,0.18653444168360336,0.08090565677433577,17.94819274129747,18.87235823921535,14.739764519457546,3.0,1.7391304347826086,6.391304347826087,0.3512189051379328,0.05495262145996094,16.391304347826086,0.10560612963593524,0.006442814353922634,0.5217391304347826,0.01941276384193612,0.03720779965321223,21.043478260869566,0.002666277972900349,0.0001267032959490768,51.76422,1.173913043478261,3.4782608695652173,2.8260869565217392,0.8695652173913043,1.9565217391304348,76.08695652173913,0.1987732848705134,1.9130434782608696,0.043478260869565216,0.2608695652173913,1.0869565217391304,0.0,0.17391304347826086,3.0,0.30434782608695654,1.2173913043478262,0.043478260869565216,0.08695652173913043,0.5217391304347826,0.08695652173913043,0.0,0.0,0.30434782608695654,3.60869565217391,0.129742861927851,1.2173913043478262,0.0,14.0434782608696,0.0421343108072229,0.7391304347826086,0.043478260869565216,0.260869565217391,0.0115193311408486,16.4782608695652,0.00313794029795605,0.043478260869565216,0.0,0.46938775510204084,0.047619047619047616,0.07427055702917772,0.002652519893899204,0.166666666666667,0.004132231404958678,0.0,0.0359528380704213,0.337349397590361,0.0,0.00300027600751942,0.0526315789473684,0.00309597523219814,0.0441574354966482,0.0,0.000190429094598916,0.00263852242744063,0.0,1.0,1.16666666666667,44.3478260869565,0.0107988161199233,0.108823529411765,0.434782608695652,0.00980392156862745,34.3913043478261,0.00542388462688769,0.0670037926675095,0.0434782608695652,0.00126422250316056,0.2608695652173913,0.17391304347826086,7.130434782608695,5.521739130434782,12.652173913043478,0.5635739,5.0,4.391304347826087,9.391304347826088,0.5324074,2.608695652173913,0.8260869565217391,0.782608695652174,0.9336900944295137,0.8655596712361211,6.260869565217392,0.8030932978546482,130.43478260869566,31.52173913043478,40.47826086956522,10.73913043478261,62.608695652173914,1.9565217391304348,0.0,0.08695652173913043,61.91304347826087,21.565217391304348,0.4746666666666667,0.6841379310344827,11.347826086956522,2.8260869565217392,0.21241830065359477,47.52173913043478,31.043478260869566,2.2667034812595532,1.0495622520861418,-0.013128015010253243,0.21382380762825842,0.9714284720628158,0.04501675846784011,1.5730463030302655,0.5610731989145279,-0.01784976361238438,0.21110453391852585,0.6344580630893293,0.18447946886653485,522.8695652173913,419.9130434782609,382.7826086956522,280.30434782608694,471.4782608695652,337.2608695652174
33643,Paksi FC,2160,1522,NB I,318,2025/2026,False,24,,9,5.3527565,16.083333333333332,11.166666666666666,3.9583333333333335,4.916666666666667,1.4518758775666356,0.9666175916790962,0.4852582546300255,0.09027207330100895,15.87510119818653,16.605738397854477,14.215684793763241,258.7083333333333,0.48443527715116436,0.844331308593134,2.7989163038442646,52.51649837289433,0.44660194174757284,0.39233038348082594,3.6666666666666665,48.04769971894055,7.294573643410852,6.586772862639034,0.7075935020778239,0.5893958076448829,13.291666666666666,9.916666666666666,3.0,3.375,1.3594276010990143,1.0874764298399289,0.2719511880228917,0.10227668546957656,15.904486677115987,16.332631343553047,14.646479853877315,3.9166666666666665,2.7916666666666665,6.583333333333333,0.3076122923909376,0.046725918975057484,15.333333333333334,0.10905161084762464,0.0071120611999345865,0.5416666666666666,0.03001421532826498,0.05541086196899414,25.166666666666668,0.03858014070040857,0.0015329856746244114,49.127663,0.9166666666666666,3.5,2.5,1.7083333333333333,2.625,97.70833333333333,0.22147714393653192,1.9166666666666667,0.0,0.3333333333333333,1.5416666666666667,0.041666666666666664,0.20833333333333334,2.6666666666666665,0.20833333333333334,1.1666666666666667,0.125,0.08333333333333333,0.625,0.4583333333333333,0.0,0.041666666666666664,0.5833333333333334,4.25,0.128268397568415,1.5416666666666667,0.08333333333333333,16.9166666666667,0.0981748357880861,1.0833333333333333,0.125,0.583333333333333,0.0319807519360135,21.875,0.0135272003244609,0.16666666666666666,0.0,0.4050632911392405,0.03164556962025317,0.07608695652173914,0.008152173913043478,0.153846153846154,0.018211920529801324,0.0,0.0301808001948338,0.362745098039216,0.0196078431372549,0.00580343883025822,0.0640394088669951,0.00738916256157635,0.0548241436481476,0.0714285714285714,0.000618386268615723,0.00761904761904762,0.0,1.15384615384615,1.0,47.625,0.0101891490105256,0.10323709536308,0.416666666666667,0.00874890638670166,43.625,0.00623383745195303,0.0773638968481375,0.25,0.00573065902578797,0.4166666666666667,0.25,5.958333333333333,4.291666666666667,10.25,0.5813008,8.583333333333334,6.25,14.833333333333334,0.57865167,3.0833333333333335,0.375,0.20833333333333334,0.22303154319524765,0.09244827181100845,5.958333333333333,0.6656218402426693,177.29166666666666,43.666666666666664,55.208333333333336,13.666666666666666,81.79166666666667,2.375,0.0,0.041666666666666664,94.16666666666667,32.583333333333336,0.5311398354876615,0.7461832061068703,16.625,4.875,0.34513274336283184,44.875,36.791666666666664,2.284398833910624,1.094942030807336,0.03472227634241184,0.10694788846497734,0.8706151979664961,0.1771715097517396,2.2426437214016914,0.9520436661938826,0.04936241529261073,0.21138521295506507,0.8355798833072186,0.1942721347634991,412.0833333333333,274.2916666666667,441.1666666666667,312.1666666666667,354.9583333333333,385.3333333333333
33643,Kisvárda,2484,1522,NB I,318,2025/2026,False,24,,-7,-5.209068,10.958333333333334,7.791666666666667,3.2083333333333335,3.1666666666666665,0.9802729524672031,0.6937207772086064,0.2865521963685751,0.08945455659931603,16.69326654586502,17.192855426971924,15.46401013826069,222.20833333333334,0.49628079835295497,0.8464870516632104,2.4993601340934584,44.338626548239894,0.41150442477876104,0.38242894056847543,2.5,43.171765011732084,9.97938144329897,4.326096287332657,0.754983922829582,0.6287393162393162,11.666666666666666,8.833333333333334,3.7916666666666665,2.8333333333333335,1.0993799113978941,0.8725490923970938,0.2268308493657969,0.09423255920410156,17.056215122767856,17.399199863649763,15.986904368681067,4.541666666666667,2.5,4.333333333333333,0.13632196886464953,0.031458916572424084,13.666666666666666,0.08242434239946306,0.006031049460899539,0.2916666666666667,0.035686311059786625,0.1223530684198652,20.291666666666668,0.03211956931045279,0.0015828944819174264,51.739033,0.6666666666666666,2.75,1.75,0.8333333333333334,2.0833333333333335,82.625,0.1821773082223243,1.25,0.08333333333333333,0.16666666666666666,1.5416666666666667,0.0,0.20833333333333334,1.5,0.125,0.75,0.041666666666666664,0.0,0.375,0.5416666666666666,0.041666666666666664,0.0,0.5,5.04166666666667,0.147259974696984,1.4583333333333333,0.125,13.25,0.0312037335631127,0.5416666666666666,0.0,0.416666666666667,0.0216717352935423,22.125,0.0266954008645068,0.3333333333333333,0.0,0.34615384615384615,0.028846153846153848,0.054878048780487805,0.003048780487804878,0.0,0.026694045174537988,0.002053388090349076,0.0292085891912791,0.289256198347107,0.0247933884297521,0.00235499863354665,0.0408805031446541,0.0,0.05201216340065,0.0,0.00120657177294715,0.0150659133709981,0.0,1.28571428571429,1.2,38.5833333333333,0.00742683915288608,0.08207343412527,0.208333333333333,0.00539956803455724,40.8333333333333,0.00555504098230479,0.0693877551020408,0.125,0.00306122448979592,0.16666666666666666,0.2916666666666667,5.75,3.1666666666666665,8.916666666666666,0.6448598,5.458333333333333,5.916666666666667,11.375,0.47985348,2.4166666666666665,-0.2916666666666667,-0.16666666666666666,-0.21704446524381638,-0.11910695706804593,4.125,0.7389026743865453,147.125,35.625,45.708333333333336,12.666666666666666,67.04166666666667,2.2083333333333335,0.041666666666666664,0.0,64.20833333333333,23.083333333333332,0.43642027754177287,0.6479532163742691,12.333333333333334,3.5833333333333335,0.36752136752136755,38.291666666666664,40.708333333333336,1.425607298539641,0.7704790653660893,-0.2544952436971168,0.20983909097655365,0.6919918234149615,0.0077925752848386765,1.5079525088270505,0.6778751257807016,0.05272576026618481,0.2604637355155622,0.7608953913052877,-0.2546161375332462,453.375,335.0,453.5416666666667,342.4166666666667,405.4166666666667,403.9166666666667
33643,MTK,2207,1522,NB I,318,2025/2026,False,23,,-9,-8.931261,13.304347826086957,10.478260869565217,3.3043478260869565,2.8260869565217392,1.2179170757856057,1.0128228678975417,0.20509423955303172,0.0915427924760806,15.9963969311683,16.349421964146785,14.687486853966346,221.17391304347825,0.5007407921685347,0.8998858496780576,2.9029037408225293,39.38586918441704,0.45064377682403434,0.33389544688026984,2.608695652173913,41.53890484865471,11.655511811023622,3.563885097638337,0.7881472011688431,0.6652338811630847,16.434782608695652,11.826086956521738,5.6521739130434785,4.608695652173913,1.4359067030574963,1.033738909856133,0.40216778477896814,0.08736998946578414,17.16027767443783,18.712599810431986,13.176966253316627,5.217391304347826,3.4782608695652173,4.173913043478261,0.1153220706011938,0.027629246314366657,14.08695652173913,0.05176043955852156,0.0036743522426228464,0.43478260869565216,0.029383687504931637,0.06758248209953308,17.52173913043478,0.008628043467583864,0.000492419335741559,54.509026,1.6956521739130435,3.6521739130434785,2.4782608695652173,1.0,2.739130434782609,88.56521739130434,0.18601041000821844,1.826086956521739,0.08695652173913043,0.13043478260869565,2.217391304347826,0.17391304347826086,0.30434782608695654,1.5217391304347827,0.08695652173913043,0.6521739130434783,0.043478260869565216,0.043478260869565216,0.5217391304347826,0.13043478260869565,0.0,0.08695652173913043,0.4782608695652174,5.30434782608696,0.201636273980789,2.6521739130434785,0.2608695652173913,12.695652173913,0.158224814935871,1.2173913043478262,0.08695652173913043,0.391304347826087,0.0319823906149553,18.7391304347826,0.0103242977967729,0.2608695652173913,0.0,0.3645833333333333,0.020833333333333332,0.046296296296296294,0.0030864197530864196,0.1,0.007444168734491315,0.0,0.0380133878989298,0.5,0.0491803278688525,0.0124629139900208,0.0958904109589041,0.00684931506849315,0.0817327698071798,0.222222222222222,0.000550948584715894,0.0139211136890951,0.0,1.2,1.22222222222222,36.2173913043478,0.00566286657179962,0.078031212484994,0.173913043478261,0.00480192076830732,37.1304347826087,0.010831216459252,0.124121779859485,0.434782608695652,0.0117096018735363,0.13043478260869565,0.34782608695652173,7.0,5.260869565217392,12.26086956521739,0.57092196,6.608695652173913,5.086956521739131,11.695652173913043,0.5650558,3.9130434782608696,-0.391304347826087,-0.30434782608695654,-0.38831568800884747,-0.21798961836358774,3.869565217391304,0.7863341554763862,152.47826086956522,32.391304347826086,44.21739130434783,8.652173913043478,70.30434782608695,2.260869565217391,0.0,0.08695652173913043,62.04347826086956,19.73913043478261,0.4069004847447961,0.6093959731543624,8.608695652173912,2.260869565217391,0.2374429223744292,40.43478260869565,46.391304347826086,1.0546256988511786,0.577421619516352,0.041152219247558845,0.06524046996365422,0.8852911047313524,-0.5144797414743706,1.5655161233051964,0.9185098795544194,-0.2532731430686038,0.05212494504192601,0.9035096132884854,-0.05535546985819288,475.95652173913044,374.2608695652174,476.1304347826087,375.2608695652174,427.4782608695652,429.7826086956522
33643,Diósgyőr,2212,1522,NB I,318,2025/2026,False,24,,-7,-2.8838854,10.916666666666666,8.041666666666666,2.9166666666666665,2.875,1.1411451163391273,0.903836453333497,0.2373086498118937,0.10453237286050811,15.63565273139313,16.18072731136658,14.111020295516305,221.125,0.47974738213718676,0.8915326972629635,3.1481583115085514,43.54047831413342,0.41445783132530123,0.3554119547657512,2.2083333333333335,44.080011248902544,8.586324786324786,5.133746084134579,0.745521865305714,0.6339027595269382,13.958333333333334,9.916666666666666,3.7916666666666665,4.041666666666667,1.2939528649051983,0.9057375689347585,0.3882153158386548,0.09270110059140334,15.876338036380597,16.917548171612395,13.321607452077965,6.166666666666667,3.875,4.416666666666667,0.12687400806074342,0.028726188641674113,15.083333333333334,0.06612999962332348,0.004384309218074736,0.2916666666666667,0.020342908916063607,0.06974711588450841,21.208333333333332,0.02396173511321346,0.0011298264173721284,47.743004,1.2083333333333333,2.875,1.75,0.9166666666666666,2.5416666666666665,89.58333333333333,0.21515060542379666,1.3333333333333333,0.125,0.2916666666666667,1.625,0.08333333333333333,0.16666666666666666,1.5833333333333333,0.08333333333333333,0.7916666666666666,0.0,0.0,0.3333333333333333,0.16666666666666666,0.08333333333333333,0.0,0.3333333333333333,5.91666666666667,0.210354633318881,2.0,0.125,16.75,0.153853930532932,1.5,0.16666666666666666,0.333333333333333,0.0123150939471088,22.25,0.0116916601546109,0.20833333333333334,0.0,0.3584905660377358,0.018867924528301886,0.052486187845303865,0.0,0.0,0.007858546168958742,0.003929273084479371,0.0355528979234292,0.338028169014085,0.0211267605633803,0.00918530884073741,0.0895522388059701,0.00995024875621891,0.0369452834129333,0.0,0.000525467851188745,0.00936329588014981,0.0,1.14285714285714,1.0,41.0,0.00578801564084805,0.0701219512195122,0.166666666666667,0.0040650406504065,45.25,0.0085793437220115,0.0893186003683241,0.291666666666667,0.00644567219152855,0.3333333333333333,0.2916666666666667,6.541666666666667,5.208333333333333,11.75,0.5567376,5.375,4.166666666666667,9.541666666666666,0.5633188,3.5416666666666665,-0.2916666666666667,-0.375,-0.12016191333532333,-0.15280774235725403,3.4583333333333335,0.7304824561403509,158.08333333333334,38.75,44.958333333333336,11.333333333333334,68.125,2.5833333333333335,0.0,0.041666666666666664,65.625,24.5,0.4151291512915129,0.632258064516129,9.166666666666666,2.4583333333333335,0.2935323383084577,32.5,38.833333333333336,1.810077312712868,0.863311770837754,-0.11500753400226434,0.13101243553683162,0.6763302845259508,0.254430287789243,1.6847662379344304,0.8286584640542666,0.04899438222249349,0.08681791322305799,0.8570671019454797,-0.13677184656262398,380.0,277.5833333333333,416.375,310.4166666666667,328.75,362.25
33643,Puskas,2565,1522,NB I,318,2025/2026,False,23,,2,5.186063,13.08695652173913,9.782608695652174,3.4347826086956523,3.3043478260869565,1.271985595640929,0.9411231836547023,0.33086243676750554,0.09719491242570338,15.641703760901162,16.364818793402776,13.500893040707236,217.7826086956522,0.4567833864002667,0.8586383627415926,2.927050373702414,49.806900047709924,0.375886524822695,0.33464052287581697,2.782608695652174,45.41215546175753,9.236280487804878,4.916714636559323,0.7684413085311097,0.6377665544332211,11.956521739130435,7.913043478260869,3.0,4.043478260869565,1.0805698024189991,0.7240588567827059,0.3565109577839789,0.09037492925470525,16.2461328125,16.91604245364011,14.935134723622312,4.434782608695652,2.9565217391304346,5.173913043478261,0.2157699201741944,0.04170342854091099,12.956521739130435,0.05759594597570274,0.004445324408127957,0.34782608695652173,0.02404876105973254,0.06914018839597702,20.347826086956523,0.033447801823849266,0.0016438022383257875,50.071415,0.782608695652174,2.9565217391304346,2.3478260869565215,0.782608695652174,1.9130434782608696,90.1304347826087,0.18995693209933107,1.3043478260869565,0.08695652173913043,0.17391304347826086,1.2173913043478262,0.043478260869565216,0.17391304347826086,2.130434782608696,0.13043478260869565,0.5652173913043478,0.08695652173913043,0.0,0.391304347826087,0.21739130434782608,0.043478260869565216,0.0,0.6521739130434783,4.69565217391304,0.205393058045403,2.0434782608695654,0.043478260869565216,18.7826086956522,0.120819492508536,1.173913043478261,0.08695652173913043,0.608695652173913,0.0204380436840913,20.6086956521739,0.00986037071308364,0.17391304347826086,0.0,0.4117647058823529,0.025210084033613446,0.0436241610738255,0.006711409395973154,0.0,0.010683760683760684,0.002136752136752137,0.0437411114021584,0.435185185185185,0.00925925925925926,0.00643251891489382,0.0625,0.00462962962962963,0.0335767843893596,0.0,0.000478456826401159,0.00843881856540084,0.0,1.125,1.07142857142857,38.8260869565217,0.00852165296924074,0.0851063829787234,0.260869565217391,0.00671892497200448,44.695652173913,0.0079764132369817,0.0904669260700389,0.130434782608696,0.00291828793774319,0.21739130434782608,0.17391304347826086,5.3478260869565215,4.304347826086956,9.652173913043478,0.5540541,6.217391304347826,4.521739130434782,10.73913043478261,0.57894737,2.3478260869565215,0.08695652173913043,0.13043478260869565,0.22548101000163867,0.19141578674316406,4.521739130434782,0.7324937574639019,154.56521739130434,33.91304347826087,41.47826086956522,9.391304347826088,61.0,2.5652173913043477,0.0,0.043478260869565216,70.34782608695652,23.434782608695652,0.4551336146272855,0.691025641025641,11.130434782608695,3.6521739130434785,0.3146067415730337,37.17391304347826,40.608695652173914,2.005806133798931,0.9531421950491874,-0.1554325057760529,0.22827722245584364,0.7962937627149664,0.18352530179950205,1.4525489614790548,0.684765021438184,-0.06677387023101682,0.05761932792223018,0.8427168066086976,-0.06577832235590271,400.4782608695652,293.3478260869565,474.4782608695652,364.60869565217394,352.95652173913044,420.39130434782606
33643,Nyíregyháza Spartacus,2215,1522,NB I,318,2025/2026,False,23,,-8,-2.6154523,13.695652173913043,8.478260869565217,3.6956521739130435,5.217391304347826,1.0662030713713688,0.6326712013586707,0.4335318642627934,0.07784974234444754,16.88942367311508,18.096910056089744,14.927249145507812,234.95652173913044,0.46491277331234887,0.8394760397227671,2.805188483907554,50.04765188198882,0.42342342342342343,0.3010279001468429,2.8260869565217392,45.15947415865384,8.702189781021898,5.189437979982869,0.7500233361336693,0.6188149053145999,12.0,8.695652173913043,3.4782608695652173,3.3043478260869565,1.2139836264693218,0.9393856382888296,0.2745979817017265,0.10116530155790025,17.159552974977355,17.398177490234374,16.531598542865954,3.4782608695652173,1.9565217391304348,4.521739130434782,0.2395704916637877,0.052981940599588245,14.91304347826087,0.11652939377919487,0.007813924255593525,0.7391304347826086,0.02590245729231316,0.03504449830335729,24.17391304347826,0.05152951962436023,0.002131616897720227,48.408855,0.9130434782608695,3.1739130434782608,2.217391304347826,1.173913043478261,2.3478260869565215,91.17391304347827,0.19574348921870624,1.3478260869565217,0.08695652173913043,0.17391304347826086,1.6956521739130435,0.043478260869565216,0.13043478260869565,2.217391304347826,0.30434782608695654,1.608695652173913,0.08695652173913043,0.0,0.782608695652174,0.6086956521739131,0.0,0.043478260869565216,0.6086956521739131,4.30434782608696,0.160463136823281,1.7391304347826086,0.13043478260869565,19.0434782608696,0.0836135314210601,0.7391304347826086,0.13043478260869565,0.478260869565217,0.0253345040685457,23.5652173913043,0.00518680849800939,0.21739130434782608,0.0,0.49038461538461536,0.0673076923076923,0.10787172011661808,0.0058309037900874635,0.0,0.025179856115107913,0.0,0.0372793144649929,0.404040404040404,0.0303030303030303,0.00439066456877478,0.0388127853881279,0.00684931506849315,0.0529721433466131,0.0909090909090909,0.000220104419657225,0.00922509225092251,0.0,1.05882352941176,1.27272727272727,44.3478260869565,0.00977571898815679,0.117647058823529,0.391304347826087,0.00882352941176471,47.3913043478261,0.00579426922929396,0.0697247706422018,0.304347826086957,0.00642201834862385,0.21739130434782608,0.17391304347826086,5.086956521739131,4.260869565217392,9.347826086956522,0.54418606,7.043478260869565,4.478260869565218,11.521739130434783,0.61132073,3.1739130434782608,-0.34782608695652173,-0.34782608695652173,-0.11371532212132993,-0.1477805557458297,4.217391304347826,0.7116752379910275,157.8695652173913,34.0,44.52173913043478,10.826086956521738,67.69565217391305,2.4782608695652173,0.13043478260869565,0.08695652173913043,71.65217391304348,23.130434782608695,0.4538694574497384,0.680306905370844,8.91304347826087,2.869565217391304,0.27615062761506276,34.95652173913044,38.56521739130435,1.32210539896851,0.8885241520145665,-0.1262716372375903,-0.02100338475049838,0.637065043915873,-0.056208627379458885,1.7468533412269924,0.7406314682701359,0.24228177316810773,0.1892780517430409,0.6554240033678387,-0.08076138259923976,397.3478260869565,282.7826086956522,465.7826086956522,349.3478260869565,344.17391304347825,409.9130434782609
33643,Debrecen,2206,1522,NB I,318,2025/2026,False,23,,6,-10.423377,13.130434782608695,9.304347826086957,4.565217391304348,3.8260869565217392,0.9974951277608457,0.6975902150506559,0.29990490513813234,0.0759681613240021,17.932280887831126,18.783221378504674,15.862945556640625,216.2173913043478,0.47837677301477155,0.8821837544432316,2.9467290637119676,38.02604581871811,0.3646112600536193,0.31092436974789917,1.7391304347826086,44.8875539799253,10.432384341637011,4.302712832460859,0.7675280258407752,0.6318774815655134,13.521739130434783,9.652173913043478,2.9565217391304346,3.869565217391304,1.3825550079345703,0.980597866618115,0.40195717184763885,0.10224683338422867,15.49591633591238,16.378878756686372,13.29346526070927,4.521739130434782,3.0869565217391304,4.260869565217392,0.13817002259842728,0.03242766127294423,16.695652173913043,0.13427519940001809,0.008042524258295694,0.5652173913043478,0.017088691096590912,0.030233839383492105,18.73913043478261,0.01037099463460238,0.0005534405705547111,51.127377,1.0,3.0434782608695654,2.391304347826087,1.0,2.6956521739130435,83.56521739130434,0.18259547786433594,1.4782608695652173,0.0,0.043478260869565216,1.2173913043478262,0.0,0.21739130434782608,1.608695652173913,0.08695652173913043,1.391304347826087,0.17391304347826086,0.043478260869565216,0.5652173913043478,0.2608695652173913,0.0,0.043478260869565216,0.7391304347826086,5.04347826086957,0.259155284208448,2.3478260869565215,0.17391304347826086,13.6086956521739,0.0539158289523228,0.4782608695652174,0.043478260869565216,0.695652173913043,0.0487037252877717,19.8695652173913,0.0401823349580493,0.30434782608695654,0.13043478260869565,0.37755102040816324,0.02040816326530612,0.08333333333333333,0.010416666666666666,0.0769230769230769,0.013921113689095127,0.0,0.0513842311398736,0.46551724137931,0.0344827586206897,0.00396186589432981,0.0351437699680511,0.00319488817891374,0.0700116008520126,0.0625,0.00202230564614094,0.0153172866520788,0.00656455142231947,1.0,1.0625,40.2608695652174,0.00744904246237572,0.0950323974082073,0.304347826086957,0.00755939524838013,39.2173913043478,0.0102494614087293,0.098669623059867,0.391304347826087,0.00997782705099778,0.13043478260869565,0.21739130434782608,3.8260869565217392,5.217391304347826,9.043478260869565,0.42307693,6.130434782608695,4.6521739130434785,10.782608695652174,0.5685484,3.217391304347826,0.2608695652173913,0.43478260869565216,-0.4531902981841046,-0.3850598775822183,3.869565217391304,0.7426050856253243,145.69565217391303,32.0,40.47826086956522,8.695652173913043,62.52173913043478,2.391304347826087,0.043478260869565216,0.043478260869565216,66.95652173913044,21.608695652173914,0.45956430916144436,0.6752717391304348,9.652173913043478,2.4347826086956523,0.25,37.73913043478261,40.21739130434783,1.9547993061335192,0.7314572347247082,0.09944686957675478,0.17911623572201832,0.717964909646822,0.22681406529053397,1.9076523016328397,0.9379305866061022,-0.03388340317684671,0.14716140209170786,0.768207706834959,0.08823592766471532,418.9130434782609,311.0869565217391,457.6521739130435,351.2608695652174,369.2173913043478,409.1304347826087
33643,Zalaegerszegi TE,2209,1522,NB I,318,2025/2026,False,24,,6,2.6385112,12.791666666666666,9.875,4.333333333333333,2.9166666666666665,1.3279806176821392,1.0301801959673564,0.29780043351153535,0.10381607900613293,17.24354578074104,18.196666089794302,14.01656755719866,218.375,0.5106851839949591,0.8905517006134515,2.8924489671509073,35.96304872353674,0.4024390243902439,0.30181086519114686,2.25,41.47152493169399,12.51450676982592,3.313876103506305,0.7832377832377833,0.618458075407991,14.041666666666666,10.291666666666666,4.458333333333333,3.75,1.2833343244468172,0.9901044170061747,0.2932298993691802,0.09139472440725264,17.071719387518545,17.23551564081478,16.62218017578125,5.375,3.4166666666666665,3.7083333333333335,0.17847126660247645,0.048127083296186465,15.5,0.08498583741796513,0.005482956927309754,0.5,0.029261349778001506,0.058522701263427734,17.875,0.005081981575737397,0.00028430665289605413,53.709812,1.2083333333333333,4.0,2.625,1.0833333333333333,2.5833333333333335,90.75,0.1981981981981982,1.5,0.0,0.16666666666666666,1.25,0.041666666666666664,0.08333333333333333,1.5416666666666667,0.041666666666666664,0.7083333333333334,0.125,0.041666666666666664,0.5833333333333334,0.08333333333333333,0.0,0.0,0.5833333333333334,4.91666666666667,0.190872679076468,2.125,0.20833333333333334,12.1666666666667,0.0677981933113188,0.9166666666666666,0.08333333333333333,0.541666666666667,0.026068738506486,20.2916666666667,0.00849029025994241,0.125,0.041666666666666664,0.4157303370786517,0.011235955056179775,0.0456989247311828,0.008064516129032258,0.0833333333333333,0.004662004662004662,0.0,0.03882155984135,0.432203389830508,0.0423728813559322,0.00557245416183994,0.0753424657534247,0.00684931506849315,0.0481269038640536,0.0,0.00041841267315514,0.00616016427104723,0.00205338809034908,1.16666666666667,1.07692307692308,37.5833333333333,0.00792373574758052,0.0776053215077605,0.208333333333333,0.00554323725055432,37.9166666666667,0.00773353576660156,0.0989010989010989,0.333333333333333,0.00879120879120879,0.20833333333333334,0.125,6.958333333333333,5.458333333333333,12.416666666666666,0.5604027,6.083333333333333,5.083333333333333,11.166666666666666,0.54477614,3.375,0.25,0.125,0.10993795841932297,0.044646297891934715,3.7916666666666665,0.7993104057996641,154.75,36.708333333333336,46.583333333333336,11.0,70.33333333333333,2.625,0.16666666666666666,0.041666666666666664,63.833333333333336,20.458333333333332,0.4124932687129779,0.5573212258796821,6.25,1.75,0.20588235294117646,37.541666666666664,37.916666666666664,2.043258716662725,0.5788344183626274,0.0432302737608552,0.253838838931794,0.9444061753650507,0.2229491869608561,2.0058083683252335,0.8765229722484946,-0.013847226121773323,0.1134754007992645,0.7979975367585818,0.23165971599519253,471.2916666666667,376.7083333333333,457.875,358.625,424.3333333333333,410.3333333333333
33643,Győri ETO,2774,1522,NB I,318,2025/2026,False,24,,24,21.162664,16.875,13.291666666666666,5.083333333333333,3.5833333333333335,1.686980837335189,1.4175391035775344,0.2694417176147302,0.09996923752772956,16.552288290895063,16.587068659384798,16.42327029206032,223.16666666666666,0.5804567964870265,0.8870080465610142,2.6968421426092313,38.87470100308642,0.5238095238095238,0.3198090692124105,5.125,47.35485759307257,7.67483660130719,6.170145379382673,0.71082572941309,0.5882960413080895,10.333333333333334,7.833333333333333,2.5833333333333335,2.5,0.9031405299901962,0.719856713588039,0.18328380848591527,0.08740070558363391,16.19915279265373,16.35866984915226,15.699318440755208,3.8333333333333335,2.4583333333333335,5.125,0.13331527984701097,0.026012734669010815,14.833333333333334,0.11161036253906786,0.007524294129918131,0.625,0.024516074743587524,0.03922572135925293,21.166666666666668,0.0,0.0,51.35367,1.25,3.7916666666666665,3.25,1.125,2.0,78.41666666666667,0.21200856145094063,2.0416666666666665,0.0,0.20833333333333334,1.0416666666666667,0.08333333333333333,0.125,1.875,0.16666666666666666,1.0,0.125,0.08333333333333333,0.7083333333333334,0.0,0.0,0.125,0.3333333333333333,3.16666666666667,0.0693535478009532,0.9166666666666666,0.041666666666666664,14.7083333333333,0.0715642754609386,0.75,0.08333333333333333,0.333333333333333,0.014406005696704,19.4583333333333,0.0279599797795527,0.5,0.0,0.36585365853658536,0.032520325203252036,0.06741573033707865,0.008426966292134831,0.133333333333333,0.0,0.0,0.0219011196964665,0.289473684210526,0.0131578947368421,0.00486556058564875,0.0509915014164306,0.0056657223796034,0.0432180166244507,0.375,0.00143691533638017,0.0256959314775161,0.0,1.13333333333333,1.0,41.75,0.00645369350791215,0.0858283433133733,0.375,0.00898203592814371,37.6666666666667,0.00486594227562963,0.0663716814159292,0.25,0.00663716814159292,0.25,0.125,7.166666666666667,4.75,11.916666666666666,0.6013986,5.5,3.875,9.375,0.58666664,2.6666666666666665,1.0,0.8333333333333334,0.881777805586656,0.7838403135538101,7.25,0.7966046624969539,141.75,39.083333333333336,43.833333333333336,12.416666666666666,63.458333333333336,2.0833333333333335,0.08333333333333333,0.0,73.25,27.041666666666668,0.5167548500881834,0.6918976545842217,11.166666666666666,4.333333333333333,0.2857142857142857,52.541666666666664,30.208333333333332,2.2408239599317312,1.0903752598290641,0.032774478352318205,0.2043302971481656,0.9224200944105784,-0.009470995171400516,1.7191544771194458,0.6290263179301595,-0.07236563662687938,0.26223302733463544,0.7923567748318116,0.1079043031980594,512.9583333333334,408.625,369.875,262.9166666666667,463.3333333333333,319.625
33643,Kazincbarcika,2541,1522,NB I,318,2025/2026,False,23,,-27,-26.129538,9.08695652173913,6.608695652173913,2.5652173913043477,2.4782608695652173,0.7145989647378093,0.5225124767293101,0.19208647318832253,0.07864007539155951,17.68815065228768,18.698746530633223,14.99322509765625,228.17391304347825,0.4345289989521378,0.8531715472104059,2.8697708626529335,44.78018897804054,0.30957683741648107,0.21903052064631956,2.217391304347826,42.49722530897658,11.1939736346516,3.79643785986988,0.772407198122229,0.6645847790885959,18.08695652173913,12.91304347826087,4.913043478260869,5.173913043478261,1.7825353236302086,1.2980225604513418,0.484512755120902,0.09855363919184758,16.00280057466947,16.75958478009259,14.114027007287289,6.304347826086956,4.521739130434782,3.130434782608696,0.10895416148654792,0.03480480445755853,17.043478260869566,0.05624964493124381,0.0033003617914355533,0.21739130434782608,0.011696954703201418,0.05380598902702331,19.565217391304348,0.01518570988074593,0.000776158505015903,50.343193,0.8695652173913043,2.391304347826087,1.565217391304348,1.1304347826086958,2.9565217391304346,88.30434782608695,0.17656263583413023,0.8695652173913043,0.043478260869565216,0.13043478260869565,2.0434782608695654,0.0,0.21739130434782608,1.3478260869565217,0.043478260869565216,0.6956521739130435,0.08695652173913043,0.043478260869565216,0.21739130434782608,0.21739130434782608,0.043478260869565216,0.0,0.6521739130434783,6.1304347826087,0.296273622013952,2.782608695652174,0.34782608695652173,15.6086956521739,0.102522433775923,1.3043478260869565,0.08695652173913043,0.652173913043478,0.0204412379180608,22.7391304347826,0.0652754616964123,0.43478260869565216,0.043478260869565216,0.4305555555555556,0.013888888888888888,0.04081632653061224,0.00510204081632653,0.2,0.011111111111111112,0.0022222222222222222,0.0483283252580791,0.453900709219858,0.0567375886524823,0.00656828973286663,0.0835654596100279,0.00557103064066852,0.0313432315985362,0.0,0.00287062260206525,0.0191204588910134,0.00191204588910134,1.0,1.0,39.9565217391304,0.00480738713510407,0.0620239390642002,0.217391304347826,0.00544069640914037,45.1304347826087,0.0107358315087467,0.114643545279383,0.478260869565217,0.010597302504817,0.17391304347826086,0.2608695652173913,7.130434782608695,6.130434782608695,13.26086956521739,0.53770494,5.826086956521739,4.956521739130435,10.782608695652174,0.5403226,4.521739130434782,-1.173913043478261,-1.0434782608695652,-1.136066804761472,-1.067936359540276,3.1739130434782608,0.7192320877613987,154.47826086956522,37.30434782608695,45.78260869565217,12.130434782608695,72.6086956521739,2.8260869565217392,0.043478260869565216,0.043478260869565216,60.608695652173914,22.956521739130434,0.3923444976076555,0.6153846153846154,5.304347826086956,0.9130434782608695,0.11864406779661017,25.82608695652174,49.78260869565217,1.1525226724536524,0.5949709764479295,-0.1497515393016131,0.2589083602247031,0.6193413514158,-0.17094675508206306,1.932174669659656,1.1929123259109,-0.3031092517725799,0.17834055051207542,0.8523909734643024,0.0116406062051006,380.4782608695652,273.6521739130435,500.1304347826087,386.30434782608694,327.8695652173913,448.7391304347826
