account_id,match_id,team_id,team_name,player_id,player_name,player_match_minutes,player_match_np_xg_per_shot,player_match_np_xg,player_match_np_shots,player_match_goals,player_match_np_goals,player_match_xa,player_match_key_passes,player_match_op_key_passes,player_match_assists,player_match_through_balls,player_match_passes_into_box,player_match_op_passes_into_box,player_match_touches_inside_box,player_match_tackles,player_match_interceptions,player_match_possession,player_match_dribbled_past,player_match_dribbles_faced,player_match_dribbles,player_match_challenge_ratio,player_match_fouls,player_match_dispossessions,player_match_long_balls,player_match_successful_long_balls,player_match_long_ball_ratio,player_match_shots_blocked,player_match_clearances,player_match_aerials,player_match_successful_aerials,player_match_aerial_ratio,player_match_passes,player_match_successful_passes,player_match_passing_ratio,player_match_op_passes,player_match_forward_passes,player_match_backward_passes,player_match_sideways_passes,player_match_op_f3_passes,player_match_op_f3_forward_passes,player_match_op_f3_backward_passes,player_match_op_f3_sideways_passes,player_match_np_shots_on_target,player_match_crosses,player_match_successful_crosses,player_match_crossing_ratio,player_match_penalties_won,player_match_passes_inside_box,player_match_op_xa,player_match_op_assists,player_match_pressured_long_balls,player_match_unpressured_long_balls,player_match_aggressive_actions,player_match_turnovers,player_match_crosses_into_box,player_match_sp_xa,player_match_op_shots,player_match_touches,player_match_pressure_regains,player_match_box_cross_ratio,player_match_deep_progressions,player_match_shot_touch_ratio,player_match_fouls_won,player_match_xgchain,player_match_op_xgchain,player_match_xgbuildup,player_match_op_xgbuildup,player_match_xgchain_per_possession,player_match_op_xgchain_per_possession,player_match_xgbuildup_per_possession,player_match_op_xgbuildup_per_possession,player_match_pressures,player_match_pressure_duration_total,player_match_pressure_duration_avg,player_match_pressured_action_fails,player_match_counterpressures,player_match_counterpressure_duration_total,player_match_counterpressure_duration_avg,player_match_counterpressured_action_fails,player_match_obv,player_match_obv_pass,player_match_obv_shot,player_match_obv_defensive_action,player_match_obv_dribble_carry,player_match_obv_gk,player_match_deep_completions,player_match_ball_recoveries,player_match_np_psxg,player_match_penalties_faced,player_match_penalties_conceded,player_match_fhalf_ball_recoveries,player_match_average_space_received_in,player_match_average_fhalf_space_received_in,player_match_average_f3_space_received_in,player_match_ball_receipts_in_space_10,player_match_ball_receipts_in_space_2,player_match_ball_receipts_in_space_5,player_match_fhalf_ball_receipts_in_space_10,player_match_fhalf_ball_receipts_in_space_2,player_match_fhalf_ball_receipts_in_space_5,player_match_f3_ball_receipts_in_space_10,player_match_f3_ball_receipts_in_space_2,player_match_f3_ball_receipts_in_space_5,player_match_lbp,player_match_lbp_completed,player_match_fhalf_lbp_completed,player_match_f3_lbp_completed,player_match_fhalf_lbp,player_match_f3_lbp,player_match_obv_lbp,player_match_fhalf_obv_lbp,player_match_f3_obv_lbp,player_match_lbp_received,player_match_fhalf_lbp_received,player_match_f3_lbp_received,player_match_average_lbp_to_space_distance,player_match_fhalf_average_lbp_to_space_distance,player_match_f3_average_lbp_to_space_distance,player_match_lbp_to_space_10_received,player_match_fhalf_lbp_to_space_10_received,player_match_f3_lbp_to_space_10_received,player_match_lbp_to_space_2_received,player_match_fhalf_lbp_to_space_2_received,player_match_f3_lbp_to_space_2_received,player_match_lbp_to_space_5_received,player_match_fhalf_lbp_to_space_5_received,player_match_f3_lbp_to_space_5_received,player_match_average_lbp_to_space_received_distance,player_match_fhalf_average_lbp_to_space_received_distance,player_match_f3_average_lbp_to_space_received_distance,player_match_lbp_to_space_10,player_match_fhalf_lbp_to_space_10,player_match_f3_lbp_to_space_10,player_match_lbp_to_space_2,player_match_fhalf_lbp_to_space_2,player_match_f3_lbp_to_space_2,player_match_lbp_to_space_5,player_match_fhalf_lbp_to_space_5,player_match_f3_lbp_to_space_5,player_match_passes_360,player_match_obv_passes_360,player_match_fhalf_passes_360,player_match_fhalf_obv_passes_360,player_match_f3_passes_360,player_match_f3_obv_passes_360,player_match_ball_receipts_360,player_match_fhalf_ball_receipts_360,player_match_f3_ball_receipts_360,player_match_360_minutes,player_match_defensive_actions,player_match_ccaa,player_match_claim_success,player_match_da_aggressive_distance,player_match_goals_conceded,player_match_gsaa,player_match_gk_positioning_error,player_match_positive_outcome_score,player_match_npot_psxg_faced,player_match_save_ratio,player_match_gsaa_ratio,player_match_npot_shots_faced
33643,4003737,1033,Ujpest,27815,Patrizio Stronati,97.083336,0.04208696633577347,0.042086966,1,0,0,0.0,0,0,0,0,1,1,3,1,1,0.6398996,1,1,0,0.5,0,1,5,2,0.4,4,8,7,5,0.7142857142857143,74,68,0.918918918918919,62,21,5,48,5,3,0,2,0,1,1,1.0,0,0,0.0,0,8,5,3,0,1,0.0,0,133,3,1.0,4,0.0,0,0.35673645,0.25213724,0.35673645,0.25213724,0.005324424647573215,0.003763242443995689,0.005324424647573215,0.003763242443995689,5.0,3.49539,0.6990779876708985,0.0,3.0,1.600676,0.5335586667060852,0.0,0.7230478,0.7351117,-0.059821438,-0.02213902,0.069896534,,0,16,0.0,0,0,4,,,,0,0,0,0,0,0,0,0,0,0,0,0,0,0,0,,,,0,0,0,,,,0,0,0,0,0,0,0,0,0,,,,0,0,0,0,0,0,0,0,0,0,,0,,0,,0,0,0,0.0,6,-0.04273303196980403,,52.29649353027344,0,0.0,,0.43065694726341064,0.0,0.0,,0
33643,4003737,1033,Ujpest,130597,Fran Brodić,30.983334,,0.0,0,0,0,0.01639179,1,1,0,0,0,0,0,0,0,0.6398996,0,0,2,,1,0,0,0,,1,1,0,0,,13,8,0.6153846153846154,13,2,2,9,3,1,0,2,0,0,0,,0,0,0.01639179,0,1,0,4,0,0,0.0,0,25,0,,5,0.0,1,0.14383936,0.14383936,0.14383936,0.14383936,0.009589290618896485,0.009589290618896485,0.009589290618896485,0.009589290618896485,3.0,2.589866,0.8632886707782745,0.0,1.0,0.555945,0.5559449791908264,0.0,-0.107980825,-0.15454166,,0.007424581,0.03913626,,0,1,0.0,0,0,0,,,,0,0,0,0,0,0,0,0,0,0,0,0,0,0,0,,,,0,0,0,,,,0,0,0,0,0,0,0,0,0,,,,0,0,0,0,0,0,0,0,0,0,,0,,0,,0,0,0,0.0,4,-0.04463269975450304,,24.446706771850586,0,0.0,,0.5862068937167827,0.0,0.0,,0
33643,4003737,1033,Ujpest,12411,Arne Maier,66.73333,,0.0,0,0,0,0.11689353,1,1,0,0,0,0,0,0,0,0.6398996,0,0,0,,0,1,4,4,1.0,0,1,0,0,,28,21,0.75,28,4,2,22,8,2,0,6,0,0,0,,0,0,0.11689353,0,2,3,5,0,0,0.0,0,47,4,,3,0.0,0,0.29484013,0.29484013,0.17794661,0.17794661,0.012285005301237106,0.012285005301237106,0.007414442176620166,0.007414442176620166,8.0,7.009209,0.8761511333286762,1.0,4.0,3.237857,0.809464268386364,1.0,-0.013270538,-0.056538515,,0.034405388,0.008862591,,0,6,0.0,0,0,3,,,,0,0,0,0,0,0,0,0,0,0,0,0,0,0,0,,,,0,0,0,,,,0,0,0,0,0,0,0,0,0,,,,0,0,0,0,0,0,0,0,0,0,,0,,0,,0,0,0,0.0,8,-0.04172732900170719,,59.4283332824707,0,0.0,,0.4303797537118,0.0,0.0,,0
33643,4003737,1033,Ujpest,10837,Matija Ljujić,97.083336,0.05187849700450897,0.15563549,3,0,0,0.26394385,3,1,0,0,3,0,6,2,1,0.6398996,1,1,1,0.6666666666666666,0,2,10,7,0.7,0,0,5,2,0.4,54,41,0.7592592592592593,46,18,5,31,9,3,2,4,1,1,0,0.0,0,0,0.05828941,0,0,10,12,3,0,0.20565444,3,98,9,0.0,6,0.030612244897959183,2,0.7026234,0.38523322,0.45822695,0.34649125,0.013776929939494413,0.007553592616436528,0.008984842136794445,0.006793946027755737,15.0,9.65702,0.6438013295332591,4.0,10.0,5.5012794,0.5501279979944229,2.0,-0.30093247,-0.0025636796,0.005568363,0.042412583,-0.34634963,,1,5,0.23916611,0,0,2,,,,0,0,0,0,0,0,0,0,0,0,0,0,0,0,0,,,,0,0,0,,,,0,0,0,0,0,0,0,0,0,,,,0,0,0,0,0,0,0,0,0,0,,0,,0,,0,0,0,0.0,17,-0.04273303196980403,,82.41886138916016,0,0.0,,0.5693430875422218,0.0,0.0,,0
33643,4003737,2565,Puskas,23953,Mikael Soisalo,15.65,0.034999433904886246,0.034999434,1,0,0,0.124344125,2,2,0,0,1,1,2,1,0,0.3601004,0,1,0,1.0,1,0,0,0,,0,0,0,0,,4,3,0.75,4,0,0,4,3,0,0,3,0,1,1,1.0,0,1,0.124344125,0,0,0,1,0,1,0.0,0,10,0,1.0,0,0.0,1,0.15934357,0.15934357,0.034999434,0.034999434,0.039835892617702484,0.039835892617702484,0.008749858476221561,0.008749858476221561,4.0,2.141608,0.5354019999504089,0.0,1.0,0.305521,0.30552101135253906,0.0,0.06524195,0.037294038,-0.018611591,0.03619477,0.010364735,,1,1,0.0,0,0,1,,,,0,0,0,0,0,0,0,0,0,0,0,0,0,0,0,,,,0,0,0,,,,0,0,0,0,0,0,0,0,0,,,,0,0,0,0,0,0,0,0,0,0,,0,,0,,0,0,0,0.0,6,-0.05973152816295624,,82.42050170898438,0,0.0,,0.6451613101701217,0.0,0.0,,0
33643,4003737,1033,Ujpest,7977,João Nunes,30.9,,0.0,0,0,0,0.0,0,0,0,0,0,0,0,0,1,0.6398996,1,1,0,0.0,0,0,3,2,0.6666666666666666,0,3,0,0,,17,14,0.8235294117647058,17,5,0,12,1,0,0,1,0,0,0,,0,0,0.0,0,3,3,2,0,0,0.0,0,32,1,,1,0.0,0,0.02235017,0.02235017,0.02235017,0.02235017,0.0013147158657803254,0.0013147158657803254,0.0013147158657803254,0.0013147158657803254,2.0,0.980456,0.49022799730300903,1.0,0.0,,,0.0,0.10466759,0.046674564,,0.044536598,0.013456439,,0,4,0.0,0,0,0,,,,0,0,0,0,0,0,0,0,0,0,0,0,0,0,0,,,,0,0,0,,,,0,0,0,0,0,0,0,0,0,,,,0,0,0,0,0,0,0,0,0,0,,0,,0,,0,0,0,0.0,2,-0.04463269975450304,,44.51592254638672,0,0.0,,0.17241378743356547,0.0,0.0,,0
33643,4003737,1033,Ujpest,11268,Attila Fiola,66.73333,,0.0,0,0,0,0.0,0,0,0,0,0,0,0,0,2,0.6398996,0,0,0,,1,0,11,10,0.9090909090909091,0,1,0,0,,46,41,0.8913043478260869,41,9,3,34,2,0,0,2,0,0,0,,0,0,0.0,0,1,11,4,0,0,0.0,0,79,4,,0,0.0,1,0.06621091,0.052313503,0.06621091,0.052313503,0.0018917403050831387,0.0014946715107985904,0.0018917403050831387,0.0014946715107985904,5.0,7.4839144,1.4967828154563905,1.0,1.0,1.13101,1.1310100555419922,0.0,-0.04636713,-0.012365591,,-0.046173885,0.012172341,,0,7,0.0,0,0,3,,,,0,0,0,0,0,0,0,0,0,0,0,0,0,0,0,,,,0,0,0,,,,0,0,0,0,0,0,0,0,0,,,,0,0,0,0,0,0,0,0,0,0,,0,,0,,0,0,0,0.0,6,-0.04172732900170719,,55.42502212524414,0,0.0,,0.12658227695293334,0.0,0.0,,0
33643,4003737,2565,Puskas,21173,Laros Duarte,96.03333,,0.0,0,0,0,0.60956734,6,3,2,0,5,2,2,0,1,0.3601004,1,1,0,0.0,3,0,6,6,1.0,0,0,0,0,,31,28,0.9032258064516129,28,7,4,20,11,2,2,7,0,1,1,1.0,0,1,0.20181805,1,0,6,8,0,1,0.40774933,0,48,2,0.2,3,0.0,3,0.88047343,0.47272414,0.39477438,0.39477438,0.03521893739700317,0.018908965587615966,0.01579097509384155,0.01579097509384155,14.0,10.193463,0.7281045700822558,1.0,3.0,3.579874,1.1932913462320964,0.0,0.73830926,0.55844325,,-0.009955915,0.18982197,,1,11,0.0,0,0,9,,,,0,0,0,0,0,0,0,0,0,0,0,0,0,0,0,,,,0,0,0,,,,0,0,0,0,0,0,0,0,0,,,,0,0,0,0,0,0,0,0,0,0,,0,,0,,0,0,0,0.0,17,-0.04676110876931085,,69.1399154663086,0,0.0,,0.41803278560377005,0.0,0.0,,0
33643,4003737,2565,Puskas,28951,Quentin Maceiras,92.066666,0.08393420279026031,0.0839342,1,0,0,0.14571913,2,2,0,0,2,2,2,2,0,0.3601004,0,1,0,1.0,2,0,4,3,0.75,0,2,3,0,0.0,25,16,0.64,18,8,2,15,7,3,0,4,0,3,1,0.3333333333333333,0,1,0.14571913,0,2,4,5,0,1,0.0,1,32,2,0.5,2,0.03125,0,0.5145854,0.42575085,0.45138377,0.28003174,0.01837804913520813,0.015205387558255876,0.01612084891114916,0.010001133595194136,14.0,12.454722,0.889623088496072,2.0,3.0,1.676754,0.5589179893334707,0.0,0.42454937,0.20096283,-0.044606075,-0.011468232,0.27966085,,3,7,0.0,0,0,4,,,,0,0,0,0,0,0,0,0,0,0,0,0,0,0,0,,,,0,0,0,,,,0,0,0,0,0,0,0,0,0,,,,0,0,0,0,0,0,0,0,0,0,,0,,0,,0,0,0,0.0,18,-0.050132106989622116,,89.62596893310547,0,0.0,,0.20081967917926474,0.0,0.0,,0
33643,4003737,1033,Ujpest,40039,Krisztofer Horváth,66.73333,0.07435262203216553,0.14870524,2,0,0,0.111735694,1,1,0,0,3,3,2,0,0,0.6398996,0,0,1,,0,0,7,1,0.14285714285714285,0,1,2,2,1.0,30,17,0.5666666666666667,28,8,6,16,11,3,1,7,1,1,0,0.0,0,0,0.111735694,0,2,6,5,3,0,0.0,2,57,4,0.0,5,0.03508771929824561,4,0.31275442,0.31275442,0.1640492,0.1640492,0.009773575700819492,0.009773575700819492,0.005126537289470434,0.005126537289470434,9.0,5.733197,0.6370218826664819,2.0,3.0,1.216079,0.4053596655527751,0.0,-0.011417491,0.060430937,-0.16966484,0.035514414,0.062302,,0,4,0.027333608,0,0,2,,,,0,0,0,0,0,0,0,0,0,0,0,0,0,0,0,,,,0,0,0,,,,0,0,0,0,0,0,0,0,0,,,,0,0,0,0,0,0,0,0,0,0,,0,,0,,0,0,0,0.0,9,-0.04172732900170719,,79.18364715576172,0,0.0,,0.48101264638523333,0.0,0.0,,0
33643,4003737,2565,Puskas,39464,András Németh,81.433334,,0.0,0,0,0,0.15988165,2,2,0,0,1,1,2,1,1,0.3601004,0,0,0,1.0,1,2,0,0,,0,0,1,0,0.0,13,8,0.6153846153846154,13,3,1,9,5,1,1,3,0,1,0,0.0,0,1,0.15988165,0,0,0,2,0,0,0.0,0,28,1,0.0,3,0.0,1,0.26263916,0.26263916,0.02663525,0.02663525,0.014591064718034532,0.014591064718034532,0.0014797361153695318,0.0014797361153695318,8.0,7.4366107,0.9295763671398163,3.0,2.0,1.008636,0.5043180137872696,0.0,0.114502914,0.08398018,,0.0041661607,0.026356574,,1,2,0.0,0,0,0,,,,0,0,0,0,0,0,0,0,0,0,0,0,0,0,0,,,,0,0,0,,,,0,0,0,0,0,0,0,0,0,,,,0,0,0,0,0,0,0,0,0,0,,0,,0,,0,0,0,0.0,10,-0.04027590403954188,,68.24620819091797,0,0.0,,0.22535212970257718,0.0,0.0,,0
33643,4003737,1033,Ujpest,101803,Aljoša Matko,97.083336,0.03609340637922287,0.07218681,2,0,0,0.0,0,0,0,0,0,0,5,0,1,0.6398996,0,0,0,,1,0,1,1,1.0,0,0,0,0,,14,8,0.5714285714285714,11,4,2,8,1,0,0,1,1,1,0,0.0,0,0,0.0,0,0,1,3,0,0,0.0,2,24,1,,0,0.08333333333333333,3,0.22959772,0.22959772,0.21570031,0.21570031,0.015306514501571656,0.015306514501571656,0.01438002089659373,0.01438002089659373,6.0,5.02334,0.8372233410676321,2.0,2.0,1.452039,0.7260195016860962,0.0,0.063013285,0.034060463,-0.08657573,0.014733936,0.10079463,,0,1,0.0032034835,0,0,0,,,,0,0,0,0,0,0,0,0,0,0,0,0,0,0,0,,,,0,0,0,,,,0,0,0,0,0,0,0,0,0,,,,0,0,0,0,0,0,0,0,0,0,,0,,0,,0,0,0,0.0,7,-0.04273303196980403,,26.614233016967773,0,0.0,,0.248175192898036,0.0,0.0,,0
33643,4003737,2565,Puskas,73886,Zsolt Nagy,97.083336,0.05721193552017212,0.28605968,5,0,0,0.0,0,0,0,0,3,3,15,2,0,0.3601004,0,0,0,1.0,5,1,7,3,0.42857142857142855,0,1,4,3,0.75,35,19,0.5428571428571428,35,7,3,25,9,4,1,4,1,1,0,0.0,0,0,0.0,0,2,6,15,3,0,0.0,5,65,10,0.0,4,0.07692307692307693,0,0.46656096,0.46656096,0.33654952,0.33654952,0.010142629561216934,0.010142629561216934,0.007316293923751167,0.007316293923751167,23.0,12.740062,0.5539157377636951,2.0,5.0,2.894923,0.5789845943450928,0.0,-0.009784325,0.02419063,-0.019419521,0.020836454,-0.035391916,,1,11,0.17476283,0,0,4,,,,0,0,0,0,0,0,0,0,0,0,0,0,0,0,0,,,,0,0,0,,,,0,0,0,0,0,0,0,0,0,,,,0,0,0,0,0,0,0,0,0,0,,0,,0,,0,0,0,0.0,30,-0.04676110876931085,,65.71011352539062,0,0.0,,0.20081967917926474,0.0,0.0,,0
33643,4003737,2565,Puskas,158733,Péter Szappanos,97.083336,,0.0,0,0,0,0.0,0,0,0,0,0,0,0,0,0,0.3601004,0,0,0,,0,0,20,13,0.65,0,0,0,0,,27,19,0.7037037037037037,17,17,0,10,2,2,0,0,0,0,0,,0,0,0.0,0,3,17,0,0,0,0.0,0,35,0,,5,0.0,0,0.25822204,0.120596066,0.25822204,0.120596066,0.008069438859820366,0.003768627066165209,0.008069438859820366,0.003768627066165209,,,,,,,,,0.8491145,0.17193127,,,0.013624728,0.66355836,0,5,0.0,0,0,0,,,,0,0,0,0,0,0,0,0,0,0,0,0,0,0,0,,,,0,0,0,,,,0,0,0,0,0,0,0,0,0,,,,0,0,0,0,0,0,0,0,0,0,,0,,0,,0,0,0,0.0,0,-0.04676110876931085,,16.75303077697754,0,0.5790375471115112,1.8794620831807454,0.20081967917926474,0.57903755,1.0,0.09650625785191853,6
33643,4003737,2565,Puskas,160378,Michael Okeke,97.083336,0.04788312688469887,0.095766254,2,0,0,0.114789784,2,2,0,0,1,1,5,3,2,0.3601004,2,3,1,0.6,3,1,3,2,0.6666666666666666,0,3,2,1,0.5,34,26,0.7647058823529411,34,7,4,23,12,3,1,8,1,1,0,0.0,0,1,0.114789784,0,3,3,19,0,0,0.0,1,57,8,0.0,4,0.017543859649122806,0,0.7204735,0.7204735,0.60568374,0.60568374,0.01757252507093476,0.01757252507093476,0.014772774242773288,0.014772774242773288,19.0,10.790103,0.5679001023894862,2.0,3.0,1.063661,0.3545536696910858,1.0,0.17473604,-0.034112457,-0.012461022,0.07557482,0.14573467,,1,13,0.3919103,0,0,6,,,,0,0,0,0,0,0,0,0,0,0,0,0,0,0,0,,,,0,0,0,,,,0,0,0,0,0,0,0,0,0,,,,0,0,0,0,0,0,0,0,0,0,,0,,0,,0,0,0,0.0,25,-0.04676110876931085,,64.80207824707031,0,0.0,,0.35245903753779423,0.0,0.0,,0
33643,4003737,1033,Ujpest,247192,Gergő János Bodnár,92.36667,,0.0,0,0,0,0.0,0,0,0,0,1,0,1,0,1,0.6398996,0,0,0,,0,0,5,3,0.6,0,0,0,0,,55,44,0.8,41,14,5,36,3,2,0,1,0,0,0,,0,0,0.0,0,1,4,3,0,0,0.0,0,83,4,0.0,1,0.0,2,0.12474561,0.12474561,0.12474561,0.12474561,0.002835127440365878,0.002835127440365878,0.002835127440365878,0.002835127440365878,12.0,6.8679852,0.572332076728344,3.0,3.0,1.332097,0.44403233130772907,0.0,0.14213568,0.13477892,,0.0078073796,-0.00045058364,,1,6,0.0,0,0,1,,,,0,0,0,0,0,0,0,0,0,0,0,0,0,0,0,,,,0,0,0,,,,0,0,0,0,0,0,0,0,0,,,,0,0,0,0,0,0,0,0,0,0,,0,,0,,0,0,0,0.0,12,-0.04273303196980403,,49.47083282470703,0,0.0,,0.19417475368583542,0.0,0.0,,0
33643,4003737,2565,Puskas,294552,Georgi Harutyunyan,97.083336,,0.0,0,0,0,0.0,0,0,0,0,1,1,0,0,2,0.3601004,0,0,0,,1,0,5,4,0.8,1,11,4,1,0.25,23,19,0.8260869565217391,22,14,1,8,4,2,1,1,0,0,0,,0,0,0.0,0,11,5,9,0,0,0.0,0,47,1,0.0,4,0.0,0,0.18165377,0.18165377,0.18165377,0.18165377,0.004780362311162446,0.004780362311162446,0.004780362311162446,0.004780362311162446,11.0,8.126209,0.7387463721362028,0.0,1.0,0.568434,0.5684340000152588,0.0,0.13391839,0.05628699,,0.026274975,0.05135647,,0,10,0.0,0,0,2,,,,0,0,0,0,0,0,0,0,0,0,0,0,0,0,0,,,,0,0,0,,,,0,0,0,0,0,0,0,0,0,,,,0,0,0,0,0,0,0,0,0,0,,0,,0,,0,0,0,0.0,12,-0.04676110876931085,,36.97454071044922,0,0.0,,0.1516393485872761,0.0,0.0,,0
33643,4003737,1033,Ujpest,318547,Noah Fenyő,97.083336,,0.0,0,0,0,0.09641953,2,2,0,0,1,1,0,3,1,0.6398996,0,0,0,1.0,3,3,7,7,1.0,3,1,1,0,0.0,50,47,0.94,45,14,1,35,11,6,1,4,0,0,0,,0,0,0.09641953,0,1,7,11,2,0,0.0,0,100,7,0.0,6,0.0,3,0.37104982,0.26595244,0.37104982,0.26595244,0.007730204612016678,0.0055406757940848666,0.007730204612016678,0.0055406757940848666,20.0,20.63548,1.0317740112543106,2.0,11.0,9.175216,0.8341106420213525,2.0,0.19220163,0.076401636,,0.05226312,0.063536905,,0,4,0.0,0,0,2,,,,0,0,0,0,0,0,0,0,0,0,0,0,0,0,0,,,,0,0,0,,,,0,0,0,0,0,0,0,0,0,,,,0,0,0,0,0,0,0,0,0,0,,0,,0,,0,0,0,0.0,26,-0.04273303196980403,,58.79773712158203,0,0.0,,0.5693430875422218,0.0,0.0,,0
33643,4003737,2565,Puskas,396410,Martin Kern,1.6333333,,0.0,0,0,0,0.0,0,0,0,0,0,0,0,0,0,0.3601004,1,1,0,0.0,0,0,0,0,,0,0,0,0,,0,0,,0,0,0,0,0,0,0,0,0,0,0,,0,0,0.0,0,0,0,1,0,0,0.0,0,0,0,,0,,0,,,,,,,,,1.0,0.254454,0.25445398688316345,0.0,0.0,,,0.0,,,,,,,0,0,0.0,0,0,0,,,,0,0,0,0,0,0,0,0,0,0,0,0,0,0,0,,,,0,0,0,,,,0,0,0,0,0,0,0,0,0,,,,0,0,0,0,0,0,0,0,0,0,,0,,0,,0,0,0,0.0,1,,,,0,0.0,,,0.0,0.0,,0
33643,4003737,1033,Ujpest,404242,Bence Gergényi,97.083336,0.16356748342514038,0.16356748,1,0,0,0.1050974,1,1,0,0,2,1,2,1,2,0.6398996,0,0,0,1.0,2,0,12,7,0.5833333333333334,1,5,2,2,1.0,62,52,0.8387096774193549,47,16,13,33,15,6,3,6,0,2,1,0.5,0,0,0.1050974,0,5,12,4,1,1,0.0,0,107,4,0.5,5,0.0,1,0.6095001,0.6095001,0.6095001,0.6095001,0.01088393053838185,0.01088393053838185,0.01088393053838185,0.01088393053838185,10.0,10.982426,1.098242610692978,2.0,4.0,5.017629,1.254407249391079,1.0,-0.0064673983,0.0050030723,-0.1515532,0.07346766,0.06661503,,0,6,0.0,0,0,2,,,,0,0,0,0,0,0,0,0,0,0,0,0,0,0,0,,,,0,0,0,,,,0,0,0,0,0,0,0,0,0,,,,0,0,0,0,0,0,0,0,0,0,,0,,0,,0,0,0,0.0,13,-0.04273303196980403,,64.79541015625,0,0.0,,0.43065694726341064,0.0,0.0,,0
33643,4003737,1033,Ujpest,404208,Dávid Banai,25.1,,0.0,0,0,0,0.0,0,0,0,0,0,0,0,0,0,0.6398996,0,0,0,,0,0,5,3,0.6,0,0,0,0,,10,7,0.7,8,2,0,8,0,0,0,0,0,0,0,,0,0,0.0,0,3,2,0,0,0,0.0,0,15,0,,0,0.0,0,0.0,0.0,0.0,0.0,0.0,0.0,0.0,0.0,,,,,,,,,-0.85149556,0.036727216,,,-0.0034336573,-0.88478917,0,0,0.0,0,0,0,,,,0,0,0,0,0,0,0,0,0,0,0,0,0,0,0,,,,0,0,0,,,,0,0,0,0,0,0,0,0,0,,,,0,0,0,0,0,0,0,0,0,0,,0,,0,,0,0,0,0.0,0,-0.055466865499814354,,,1,-0.8768834695219994,0.6670011878013611,,0.12311653,0.0,-0.8768834695219994,1
33643,4003737,2565,Puskas,404169,Daniel Lukacs,97.083336,0.06960422545671463,0.2784169,4,0,0,0.09326109,1,1,0,0,4,4,10,1,0,0.3601004,0,0,2,1.0,0,1,5,2,0.4,0,1,1,0,0.0,22,10,0.45454545454545453,19,4,2,16,7,1,0,6,2,2,1,0.5,0,0,0.09326109,0,1,5,7,1,1,0.0,4,41,4,0.25,4,0.0975609756097561,2,0.60995245,0.60995245,0.33134624,0.33134624,0.02259083147402163,0.02259083147402163,0.01227208309703403,0.01227208309703403,16.0,13.852197,0.8657623697072268,2.0,3.0,2.7291698,0.9097233315308889,0.0,0.51176435,-0.048195004,0.3496123,-0.006321457,0.21666855,,0,4,0.48327655,0,0,4,,,,0,0,0,0,0,0,0,0,0,0,0,0,0,0,0,,,,0,0,0,,,,0,0,0,0,0,0,0,0,0,,,,0,0,0,0,0,0,0,0,0,0,,0,,0,,0,0,0,0.0,17,-0.04676110876931085,,91.88375854492188,0,0.0,,0.31967214396229954,0.0,0.0,,0
33643,4003737,2565,Puskas,404167,Roland Szolnoki,97.083336,0.12333314120769501,0.49333256,4,1,1,0.0,0,0,0,0,0,0,8,1,0,0.3601004,0,0,0,1.0,3,0,3,2,0.6666666666666666,1,5,1,1,1.0,20,16,0.8,17,7,4,9,5,3,0,2,2,0,0,,0,0,0.0,0,5,3,6,0,0,0.0,1,43,2,,3,0.023255813953488372,0,0.5471214,0.5471214,0.2454709,0.2454709,0.019540050200053623,0.019540050200053623,0.008766817727259226,0.008766817727259226,7.0,3.265798,0.46654256752559115,1.0,2.0,0.897164,0.4485819935798645,0.0,0.098795645,-0.0037968224,0.017997071,0.069350764,0.015244649,,0,4,0.7101528,0,0,2,,,,0,0,0,0,0,0,0,0,0,0,0,0,0,0,0,,,,0,0,0,,,,0,0,0,0,0,0,0,0,0,,,,0,0,0,0,0,0,0,0,0,0,,0,,0,,0,0,0,0.0,11,-0.04676110876931085,,55.62785720825195,0,0.0,,0.040983607198114974,0.0,0.0,,0
33643,4003737,1033,Ujpest,410392,Dávid Dombó,72.35,,0.0,0,0,0,0.0,0,0,0,0,0,0,0,0,0,0.6398996,0,0,0,,0,0,11,5,0.45454545454545453,0,0,0,0,,25,18,0.72,21,11,0,14,0,0,0,0,0,0,0,,0,0,0.0,0,3,8,0,0,0,0.0,0,39,0,,0,0.0,0,0.0,0.0,0.0,0.0,0.0,0.0,0.0,0.0,,,,,,,,,1.120765,0.009349546,,,0.05226125,1.0591543,0,4,0.0,0,0,0,,,,0,0,0,0,0,0,0,0,0,0,0,0,0,0,0,,,,0,0,0,,,,0,0,0,0,0,0,0,0,0,,,,0,0,0,0,0,0,0,0,0,0,,0,,0,,0,0,0,0.0,0,-0.03891288638114929,,15.669598579406738,1,0.8291789293289185,1.4236632585525513,0.11965811957103566,1.8291789,0.8,0.16583578586578368,5
33643,4003737,2565,Puskas,419499,Ákos Markgráf,97.083336,0.07293114066123962,0.14586228,2,1,1,0.0,0,0,0,0,1,0,2,1,3,0.3601004,0,0,0,1.0,1,0,4,2,0.5,0,4,1,0,0.0,18,13,0.7222222222222222,15,8,1,9,1,0,1,0,1,2,0,0.0,0,0,0.0,0,5,3,6,0,0,0.0,1,34,2,0.0,1,0.029411764705882353,0,0.22884421,0.22884421,0.10804161,0.10804161,0.009153768420219421,0.009153768420219421,0.004321664273738861,0.004321664273738861,7.0,4.424252,0.632035996232714,1.0,1.0,0.632148,0.632148027420044,0.0,0.34807172,0.15188995,0.027336039,0.09629862,0.07254708,,0,7,0.12311653,0,0,1,,,,0,0,0,0,0,0,0,0,0,0,0,0,0,0,0,,,,0,0,0,,,,0,0,0,0,0,0,0,0,0,,,,0,0,0,0,0,0,0,0,0,0,,0,,0,,0,0,0,0.0,9,-0.04676110876931085,,53.7013053894043,0,0.0,,0.04508196889505181,0.0,0.0,,0
33643,4003737,1033,Ujpest,425452,Nejc Gradišar,30.766666,,0.0,0,0,0,0.0,0,0,0,0,0,0,1,0,0,0.6398996,0,0,0,,0,0,0,0,,0,0,1,0,0.0,5,4,0.8,5,0,1,4,1,0,0,1,0,0,0,,0,0,0.0,0,0,0,2,2,0,0.0,0,11,0,,1,0.0,1,0.100376375,0.100376375,0.100376375,0.100376375,0.011152930557727814,0.011152930557727814,0.011152930557727814,0.011152930557727814,4.0,1.8891151,0.47227875888347626,0.0,1.0,0.619418,0.6194180250167847,0.0,-0.045041293,0.0061048334,,0.0019181892,-0.05306432,,0,2,0.0,0,0,1,,,,0,0,0,0,0,0,0,0,0,0,0,0,0,0,0,,,,0,0,0,,,,0,0,0,0,0,0,0,0,0,,,,0,0,0,0,0,0,0,0,0,0,,0,,0,,0,0,0,0.0,4,-0.04463269975450304,,96.65523529052734,0,0.0,,0.34482757486713095,0.0,0.0,,0
33643,4003737,1033,Ujpest,445486,K.Sarkadi,4.7166667,,0.0,0,0,0,0.0,0,0,0,0,0,0,0,0,0,0.6398996,0,0,0,,0,0,0,0,,0,0,0,0,,0,0,,0,0,0,0,0,0,0,0,0,0,0,,0,0,0.0,0,0,0,0,0,0,0.0,0,0,0,,0,,0,,,,,,,,,,,,,,,,,,,,,,,0,0,0.0,0,0,0,,,,0,0,0,0,0,0,0,0,0,0,0,0,0,0,0,,,,0,0,0,,,,0,0,0,0,0,0,0,0,0,,,,0,0,0,0,0,0,0,0,0,0,,0,,0,,0,0,0,0.0,0,,,,0,0.0,,,0.0,0.0,,0
33643,4003737,1033,Ujpest,446356,Ábel György Krajcsovics,97.083336,0.08971553047498067,0.2691466,3,0,0,0.14084679,3,3,0,0,1,1,7,1,1,0.6398996,0,0,2,1.0,0,4,3,1,0.3333333333333333,0,1,0,0,,27,21,0.7777777777777778,27,2,2,23,8,0,2,6,3,2,1,0.5,0,1,0.14084679,0,1,3,2,5,0,0.0,3,64,4,0.0,1,0.046875,5,0.5123888,0.5123888,0.22139025,0.22139025,0.01507025957107544,0.01507025957107544,0.006511477863087374,0.006511477863087374,9.0,8.964176,0.9960195521513621,1.0,5.0,5.166716,1.0333431959152222,1.0,0.19953057,0.046748497,0.17533955,-0.061262056,0.03870461,,1,7,0.3093343,0,0,2,,,,0,0,0,0,0,0,0,0,0,0,0,0,0,0,0,,,,0,0,0,,,,0,0,0,0,0,0,0,0,0,,,,0,0,0,0,0,0,0,0,0,0,,0,,0,,0,0,0,0.0,10,-0.04273303196980403,,67.8686294555664,0,0.0,,0.5401459998826355,0.0,0.0,,0
33643,4003737,2565,Puskas,451416,Roland Orján,5.1833334,,0.0,0,0,0,0.0,0,0,0,0,0,0,0,1,0,0.3601004,0,0,0,1.0,1,0,0,0,,0,0,0,0,,2,1,0.5,2,0,0,2,0,0,0,0,0,0,0,,0,0,0.0,0,0,0,0,0,0,0.0,0,2,1,,0,0.0,0,0.0,0.0,0.0,0.0,0.0,0.0,0.0,0.0,1.0,0.853507,0.8535069823265076,0.0,1.0,0.853507,0.8535069823265076,0.0,0.0094336765,-0.0006389138,,0.01007259,,,0,2,0.0,0,0,1,,,,0,0,0,0,0,0,0,0,0,0,0,0,0,0,0,,,,0,0,0,,,,0,0,0,0,0,0,0,0,0,,,,0,0,0,0,0,0,0,0,0,0,,0,,0,,0,0,0,0.0,3,-0.019793111830949783,,73.72050476074219,0,0.0,,,0.0,0.0,,0
33643,4003737,2565,Puskas,484592,Moshe Semel,81.5,0.06106528639793396,0.12213057,2,0,0,0.0,0,0,0,0,1,0,4,1,1,0.3601004,1,1,0,0.5,2,3,8,3,0.375,0,0,1,1,1.0,27,18,0.6666666666666666,21,8,2,17,9,4,0,5,1,2,1,0.5,0,0,0.0,0,1,7,11,2,1,0.0,2,48,7,1.0,6,0.041666666666666664,0,0.560912,0.560912,0.50959754,0.50959754,0.01752850040793419,0.01752850040793419,0.01592492312192917,0.01592492312192917,20.0,10.1716585,0.5085828527808189,2.0,3.0,1.171485,0.3904950022697449,1.0,0.22546358,-0.0483461,0.15002014,-0.019636912,0.14342643,,1,8,0.51598746,0,0,6,,,,0,0,0,0,0,0,0,0,0,0,0,0,0,0,0,,,,0,0,0,,,,0,0,0,0,0,0,0,0,0,,,,0,0,0,0,0,0,0,0,0,0,,0,,0,,0,0,0,0.0,23,-0.04027590403954188,,87.19989776611328,0,0.0,,0.2723004881917206,0.0,0.0,,0
33643,4003737,2565,Puskas,540747,Zsolt Magyar,15.583333,0.053788769990205765,0.05378877,1,0,0,0.0,0,0,0,0,1,1,0,0,1,0.3601004,1,1,0,0.0,0,0,2,1,0.5,0,0,0,0,,6,2,0.3333333333333333,5,3,0,3,1,0,0,1,0,2,1,0.5,0,0,0.0,0,0,2,3,0,1,0.0,1,8,0,1.0,0,0.125,0,0.088788204,0.088788204,0.034999434,0.034999434,0.014798033982515335,0.014798033982515335,0.005833238984147708,0.005833238984147708,3.0,2.653948,0.8846493462721506,0.0,0.0,,,0.0,-0.040415317,-0.03753294,-0.0028100386,,-7.233949e-05,,0,1,0.0,0,0,0,,,,0,0,0,0,0,0,0,0,0,0,0,0,0,0,0,,,,0,0,0,,,,0,0,0,0,0,0,0,0,0,,,,0,0,0,0,0,0,0,0,0,0,,0,,0,,0,0,0,0.0,3,-0.05973152816295624,,45.89333724975586,0,0.0,,0.32258065508506084,0.0,0.0,,0
